ID;nom;adresse;commune;etat;type;geo;nbPlacesDispo;nbVelosDispo;etatConnexion;localisation;datemiseajour
266;MAIRIE DE QUARTIER OUEST;205-189 rue de l'Epeule;ROUBAIX;EN SERVICE;AVEC TPE;50.6875, 3.1585592;12;0;CONNECTÉ;50.6875, 3.1585592;2023-05-10T18:02:09+02:00
310;MARQUETTE MAIRIE;Angle rue des Martyrs de la résistance et la rue de Wam;MARQUETTE;EN SERVICE;AVEC TPE;50.676607, 3.065308;12;8;CONNECTÉ;50.676607, 3.065308;2023-05-10T18:02:09+02:00
304;LE SART;Avenue de Flandres;VILLENEUVE D'ASCQ;EN SERVICE;AVEC TPE;50.66351, 3.138682;13;7;CONNECTÉ;50.66351, 3.138682;2023-05-10T18:02:09+02:00
136;RUE CHAMBORD;RUE CHAMBORD;VILLENEUVE D'ASCQ;RÉFORMÉ;SANS TPE;50.62972, 3.133873;0;0;DÉCONNECTÉ;50.62972, 3.133873;2022-11-29T10:47:16+01:00
305;LA MAILLERIE;rue Jean Jaures;VILLENEUVE D'ASCQ;EN SERVICE;AVEC TPE;50.67057, 3.1443;15;5;CONNECTÉ;50.67057, 3.1443;2023-05-10T18:02:09+02:00
1;METROPOLE EUROPEENNE DE LILLE;MEL RUE DU BALLON;LILLE;RÉFORMÉ;AVEC TPE;50.641926, 3.075992;0;0;DÉCONNECTÉ;50.641926, 3.075992;2022-11-29T10:47:16+01:00
83;EURATECHNOLOGIES;AVENUE DE BRETAGNE;LILLE;EN SERVICE;AVEC TPE;50.63378, 3.02059;14;10;CONNECTÉ;50.63378, 3.02059;2023-05-10T18:02:09+02:00
309;HAUBOURDIN MAIRIE;86 rue Sadi Carnot;HAUBOURDIN;EN SERVICE;AVEC TPE;50.610949, 2.983948;6;18;CONNECTÉ;50.610949, 2.983948;2023-05-10T18:02:09+02:00
109;SQUARE DU PORTUGAL;FACE AU 204 RUE DE LA BASSEE;LILLE;RÉFORMÉ;AVEC TPE;50.623466, 3.030667;0;0;DÉCONNECTÉ;50.623466, 3.030667;2022-11-29T10:47:16+01:00
11;NOUVEAU SIECLE;10 RUE DE PAS;LILLE;EN SERVICE;AVEC TPE;50.63734, 3.060977;22;10;CONNECTÉ;50.63734, 3.060977;2023-05-10T18:02:09+02:00
231;MOTTE BOSSUT;ROND POINT DE L'EUROPE;ROUBAIX;RÉFORMÉ;AVEC TPE;50.689762, 3.177179;10;0;DÉCONNECTÉ;50.689762, 3.177179;2022-11-29T10:47:16+01:00
145;RESIDENCE;PLACE N. DAME DE LA NATIVITÉ;VILLENEUVE D'ASCQ;RÉFORMÉ;AVEC TPE;50.61992, 3.14528;1;0;DÉCONNECTÉ;50.61992, 3.14528;2022-11-29T10:47:16+01:00
13;QUAI DU WAULT;17 SQUARE DUTILLEUL;LILLE;EN SERVICE;AVEC TPE;50.63671, 3.054773;13;5;CONNECTÉ;50.63671, 3.054773;2023-05-10T18:02:09+02:00
92;RUE DE LA GAITE;9 RUE MARCEAU;LILLE;RÉFORMÉ;AVEC TPE;50.63665, 3.091106;0;0;DÉCONNECTÉ;50.63665, 3.091106;2022-11-29T10:47:16+01:00
235;BLANCHEMAILLE;AVENUE DES NATIONS UNIES;ROUBAIX;RÉFORMÉ;SANS TPE;50.696327, 3.16713;0;0;DÉCONNECTÉ;50.696327, 3.16713;2022-11-29T10:47:16+01:00
30;RUE DE GAND;8 PLACE DE GAND;LILLE;EN SERVICE;AVEC TPE;50.64297, 3.067375;9;10;CONNECTÉ;50.64297, 3.067375;2023-05-10T18:02:09+02:00
260;PLACE ROUSSEL;45, PLACE CHARLES ET ALBERT ROUSSEL;TOURCOING;EN SERVICE;AVEC TPE;50.721308, 3.158104;20;0;CONNECTÉ;50.721308, 3.158104;2023-05-10T18:02:09+02:00
259;MERCURE;BOULEVARD GAMBETTA;TOURCOING;EN SERVICE;SANS TPE;50.704693, 3.160515;6;12;CONNECTÉ;50.704693, 3.160515;2023-05-10T18:02:09+02:00
35;LECLERC;24 PLACE MARECHAL LECLERC;LILLE;EN SERVICE;AVEC TPE;50.62899, 3.043307;6;22;CONNECTÉ;50.62899, 3.043307;2023-05-10T18:02:09+02:00
53;PORTE DES POSTES;1 PLACE BARTHELEMY DOREZ;LILLE;EN SERVICE;AVEC TPE;50.61856, 3.049251;21;17;CONNECTÉ;50.61856, 3.049251;2023-05-10T18:02:09+02:00
5;MASSENA;73 RUE MASSENA;LILLE;EN SERVICE;AVEC TPE;50.63156, 3.054738;17;23;CONNECTÉ;50.63156, 3.054738;2023-05-10T18:02:09+02:00
41;BUISSON;681 AVENUE DE LA REPUBLIQUE;LILLE;EN SERVICE;AVEC TPE;50.656487, 3.088004;13;3;CONNECTÉ;50.656487, 3.088004;2023-05-10T18:02:09+02:00
19;RUE ROYALE;40 RUE ROYALE;LILLE;EN SERVICE;AVEC TPE;50.64031, 3.05774;19;5;CONNECTÉ;50.64031, 3.05774;2023-05-10T18:02:09+02:00
27;TANNEURS;2 - 10 RUE DES TANNEURS;LILLE;EN SERVICE;AVEC TPE;50.635014, 3.064802;12;24;CONNECTÉ;50.635014, 3.064802;2023-05-10T18:02:09+02:00
44;GAMBETTA UTRECHT;199 RUE LEON GAMBETTA;LILLE;EN SERVICE;AVEC TPE;50.629063, 3.053711;15;3;CONNECTÉ;50.629063, 3.053711;2023-05-10T18:02:09+02:00
24;FLANDRES EURALILLE;PLACE DES BUISSES;LILLE;EN SERVICE;AVEC TPE;50.637078, 3.070774;26;14;CONNECTÉ;50.637078, 3.070774;2023-05-10T18:02:09+02:00
34;PLACE CATINAT;199 RUE COLBERT;LILLE;EN SERVICE;AVEC TPE;50.63413, 3.041209;10;10;CONNECTÉ;50.63413, 3.041209;2023-05-10T18:02:09+02:00
55;PORTE D'ARRAS;3 PLACE JACQUES FEBVRIER;LILLE;EN SERVICE;AVEC TPE;50.617847, 3.061758;24;0;CONNECTÉ;50.617847, 3.061758;2023-05-10T18:02:09+02:00
46;ARTOIS;12 RUE D'ARTOIS;LILLE;EN SERVICE;AVEC TPE;50.62629, 3.061198;10;8;CONNECTÉ;50.62629, 3.061198;2023-05-10T18:02:09+02:00
60;TREVISE;114 RUE DE DOUAI;LILLE;EN SERVICE;AVEC TPE;50.621185, 3.072363;11;9;CONNECTÉ;50.621185, 3.072363;2023-05-10T18:02:09+02:00
81;GUINGUETTE;RUE JACQUARD;LILLE HELLEMMES;EN SERVICE;AVEC TPE;50.63529, 3.115088;7;3;CONNECTÉ;50.63529, 3.115088;2023-05-10T18:02:09+02:00
47;BOULEVARD LOUIS XIV;1 BOULEVARD JEAN BAPTISTE LEBAS;LILLE;EN SERVICE;AVEC TPE;50.62824, 3.069233;24;0;CONNECTÉ;50.62824, 3.069233;2023-05-10T18:02:09+02:00
65;PLACE TACQ;70 RUE DE LOOS;LILLE;EN SERVICE;AVEC TPE;50.621128, 3.035483;17;1;CONNECTÉ;50.621128, 3.035483;2023-05-10T18:02:09+02:00
85;CHANZY;58 RUE CHANZY;LILLE HELLEMMES;EN SERVICE;AVEC TPE;50.62504, 3.1008;8;4;CONNECTÉ;50.62504, 3.1008;2023-05-10T18:02:09+02:00
66;DELESALLE MEDIATHEQUE;35 RUE EDOUARD DELESALLE;LILLE;EN SERVICE;AVEC TPE;50.63237, 3.066273;6;12;CONNECTÉ;50.63237, 3.066273;2023-05-10T18:02:09+02:00
14;CHAMP DE MARS;AVENUE LEON JOUHAUX;LILLE;EN SERVICE;AVEC TPE;50.6379088, 3.0508558;32;7;CONNECTÉ;50.6379088, 3.0508558;2023-05-10T18:02:09+02:00
90;LOUVIERE;1 RUE DU DIEU DE MARCQ;LILLE;EN SERVICE;AVEC TPE;50.64569, 3.0858226;15;5;CONNECTÉ;50.64569, 3.0858226;2023-05-10T18:02:09+02:00
67;MONTEBELLO;122 BOULEVARD MONTEBELLO;LILLE;EN SERVICE;AVEC TPE;50.621952, 3.04534;14;10;CONNECTÉ;50.621952, 3.04534;2023-05-10T18:02:09+02:00
18;VOLTAIRE;93 RUE ROYALE;LILLE;EN SERVICE;AVEC TPE;50.6428, 3.055932;13;1;CONNECTÉ;50.6428, 3.055932;2023-05-10T18:02:09+02:00
96;ROMARIN;ALLEE VICTOR BASCH;LA MADELEINE;EN SERVICE;AVEC TPE;50.64543, 3.075116;20;7;CONNECTÉ;50.64543, 3.075116;2023-05-10T18:02:09+02:00
68;NATIONALE RUE DU PORT;244 - 254 RUE NATIONALE;LILLE;EN SERVICE;AVEC TPE;50.630836, 3.047778;22;2;CONNECTÉ;50.630836, 3.047778;2023-05-10T18:02:09+02:00
26;MOLINEL;58 RUE DU MOLINEL;LILLE;EN SERVICE;AVEC TPE;50.63457, 3.068007;12;9;CONNECTÉ;50.63457, 3.068007;2023-05-10T18:02:09+02:00
97;LA MADELEINE GARE;250 RUE GENERAL DE GAULLE;LA MADELEINE;EN SERVICE;AVEC TPE;50.65937, 3.074057;7;10;CONNECTÉ;50.65937, 3.074057;2023-05-10T18:02:09+02:00
72;CANTELEU;237 AVENUE DE DUNKERQUE;LILLE;EN SERVICE;AVEC TPE;50.637302, 3.024314;17;0;CONNECTÉ;50.637302, 3.024314;2023-05-10T18:02:09+02:00
38;PLACE CASQUETTE;1 RUE D'HAUBOURDIN;LILLE;EN SERVICE;AVEC TPE;50.62429, 3.045321;13;5;CONNECTÉ;50.62429, 3.045321;2023-05-10T18:02:09+02:00
100;SAINT MAUR;260 AVENUE DE LA REPUBLIQUE;LA MADELEINE;EN SERVICE;AVEC TPE;50.651638, 3.081625;21;3;CONNECTÉ;50.651638, 3.081625;2023-05-10T18:02:09+02:00
74;FAUBOURG DE ROUBAIX;112 RUE DU FAUBOURG DE ROUBAIX;LILLE;EN SERVICE;AVEC TPE;50.641238, 3.083175;3;17;CONNECTÉ;50.641238, 3.083175;2023-05-10T18:02:09+02:00
54;METRO WAZEMMES;93 RUE RACINE;LILLE;EN SERVICE;AVEC TPE;50.62338, 3.051565;12;8;CONNECTÉ;50.62338, 3.051565;2023-05-10T18:02:09+02:00
102;MAIRIE DE MONS;AVENUE ROBERT SCHUMAN;MONS EN BAROEUL;EN SERVICE;AVEC TPE;50.64218, 3.109699;13;3;CONNECTÉ;50.64218, 3.109699;2023-05-10T18:02:09+02:00
103;LACORDAIRE;44 RUE LACORDAIRE;MONS EN BAROEUL;EN SERVICE;AVEC TPE;50.639828, 3.106677;8;8;CONNECTÉ;50.639828, 3.106677;2023-05-10T18:02:09+02:00
80;PETIT MAROC;RUE DU PROFESSEUR LANGEVIN;LILLE;EN SERVICE;AVEC TPE;50.61989, 3.084357;12;18;CONNECTÉ;50.61989, 3.084357;2023-05-10T18:02:09+02:00
110;RUE BONTE-POLLET;11 RUE BONTE POLLET;LILLE;EN SERVICE;AVEC TPE;50.62487, 3.034234;2;14;CONNECTÉ;50.62487, 3.034234;2023-05-10T18:02:09+02:00
131;V.ASCQ HOTEL DE VILLE;RUE VERMEER;VILLENEUVE D'ASCQ;EN SERVICE;AVEC TPE;50.619602, 3.13197;15;10;CONNECTÉ;50.619602, 3.13197;2023-05-10T18:02:09+02:00
95;MARBRERIE;280 BIS RUE PIERRE LEGRAND;LILLE HELLEMMES;EN SERVICE;AVEC TPE;50.63041, 3.097037;12;6;CONNECTÉ;50.63041, 3.097037;2023-05-10T18:02:09+02:00
144;ANNAPPES REPUBLIQUE;FACE AU 1 BIS RUE DE LA STATION;VILLENEUVE D'ASCQ;EN SERVICE;AVEC TPE;50.6258, 3.14862;14;10;CONNECTÉ;50.6258, 3.14862;2023-05-10T18:02:09+02:00
135;FLERS MASQUELIER;97, RUE JULES GUESDE;VILLENEUVE D'ASCQ;EN SERVICE;AVEC TPE;50.63745, 3.123145;13;11;CONNECTÉ;50.63745, 3.123145;2023-05-10T18:02:09+02:00
98;PLACE DU MARCHE;ANGLE DE LA RUE GAMBETTA;LA MADELEINE;EN SERVICE;AVEC TPE;50.6549, 3.068756;20;4;CONNECTÉ;50.6549, 3.068756;2023-05-10T18:02:09+02:00
147;FAUBOURG D'ARRAS;2 RUE MARCEL HÉNAUX;LILLE;EN SERVICE;AVEC TPE;50.614052, 3.062195;12;4;CONNECTÉ;50.614052, 3.062195;2023-05-10T18:02:09+02:00
148;P.I. DE DOUAI;RUE DU FAUBOURG DE DOUAI SOUS LE PONT;LILLE;EN SERVICE;AVEC TPE;50.612194, 3.074952;6;14;CONNECTÉ;50.612194, 3.074952;2023-05-10T18:02:09+02:00
104;MENDES FRANCE;BD NAPOLEON 1ER;MONS EN BAROEUL;EN SERVICE;AVEC TPE;50.64584, 3.112744;12;6;CONNECTÉ;50.64584, 3.112744;2023-05-10T18:02:09+02:00
153;POMPIDOU;FACE AU 102 ALLEE DU RIEZ;LA MADELEINE;EN SERVICE;AVEC TPE;50.65547, 3.064989;20;4;CONNECTÉ;50.65547, 3.064989;2023-05-10T18:02:09+02:00
183;PLACE DE LA BOUCHERIE;Place de la Boucherie;LA MADELEINE;EN SERVICE;AVEC TPE;50.658048, 3.063774;11;9;CONNECTÉ;50.658048, 3.063774;2023-05-10T18:02:09+02:00
107;LAVOISIER;5 RUE LAURENT DE LAVOISIER;MONS EN BAROEUL;EN SERVICE;AVEC TPE;50.636105, 3.106438;8;4;CONNECTÉ;50.636105, 3.106438;2023-05-10T18:02:09+02:00
156;ST ANDRE MAIRIE;FACE AU 92 RUE DU GENERAL LECLERC;SAINT ANDRE LEZ LILLE;EN SERVICE;AVEC TPE;50.661602, 3.050322;7;17;CONNECTÉ;50.661602, 3.050322;2023-05-10T18:02:09+02:00
196;ANATOLE FRANCE;rue Ancienne Balaterie;LOMME;EN SERVICE;AVEC TPE;50.636003, 3.009396;8;9;CONNECTÉ;50.636003, 3.009396;2023-05-10T18:02:09+02:00
111;HELLEMMES CIMETIERE;318, RUE ROGER SALENGRO;HELLEMMES;EN SERVICE;AVEC TPE;50.62486, 3.116677;5;7;CONNECTÉ;50.62486, 3.116677;2023-05-10T18:02:09+02:00
160;PARVIS ROTTERDAM;Parvis Rotterdam;LILLE;EN SERVICE;SANS TPE;50.637709, 3.077478;12;8;CONNECTÉ;50.637709, 3.077478;2023-05-10T18:02:09+02:00
198;LOOS CLEMENCEAU;26 rue Georges Clémenceau;LOOS;EN SERVICE;AVEC TPE;50.614392, 3.010842;0;20;CONNECTÉ;50.614392, 3.010842;2023-05-10T18:02:09+02:00
116;BOTANIQUE;185, AVENUE DE LA RÉPUBLIQUE;LA MADELEINE;EN SERVICE;AVEC TPE;50.64891, 3.078336;8;8;CONNECTÉ;50.64891, 3.078336;2023-05-10T18:02:09+02:00
165;JEAN SANS PEUR;68 RUE JEAN SANS PEUR;LILLE;EN SERVICE;AVEC TPE;50.632367, 3.05816;9;5;CONNECTÉ;50.632367, 3.05816;2023-05-10T18:02:09+02:00
199;GEORGES POTIÉ;83 Rue Georges Potie;LOOS;EN SERVICE;AVEC TPE;50.612921, 3.003634;6;14;CONNECTÉ;50.612921, 3.003634;2023-05-10T18:02:09+02:00
124;CLEMENCEAU HIPPODROME;916-920 AV DE LA RÉPUBLIQUE;MARCQ EN BAROEUL;EN SERVICE;AVEC TPE;50.6618, 3.096235;11;7;CONNECTÉ;50.6618, 3.096235;2023-05-10T18:02:09+02:00
172;PLACE DE LA GARONNE;Rue de la Seine;LILLE;EN SERVICE;AVEC TPE;50.612635, 3.059261;6;6;CONNECTÉ;50.612635, 3.059261;2023-05-10T18:02:09+02:00
206;ALFRED MONGY;15, BOULEVARD DU GÉNÉRAL DE GAULLE;ROUBAIX;EN SERVICE;SANS TPE;50.688015, 3.174815;12;12;CONNECTÉ;50.688015, 3.174815;2023-05-10T18:02:09+02:00
133;BOULEVARD DE VALMY;FACE AU 233 BOULEVARD DE VALMY;VILLENEUVE D'ASCQ;EN SERVICE;AVEC TPE;50.61915, 3.126501;8;10;CONNECTÉ;50.61915, 3.126501;2023-05-10T18:02:09+02:00
189;HAUT DE MONS;184 rue du général de Gaulle;MONS EN BAROEUL;EN SERVICE;SANS TPE;50.646418, 3.106625;10;6;CONNECTÉ;50.646418, 3.106625;2023-05-10T18:02:09+02:00
208;DE FOURMIES;107, BOULEVARD DE FOURMIES;ROUBAIX;EN SERVICE;AVEC TPE;50.67544, 3.181998;1;11;CONNECTÉ;50.67544, 3.181998;2023-05-10T18:02:09+02:00
138;LADRIERE;FACE AU 53 RUE DE FIVES;VILLENEUVE D'ASCQ;EN SERVICE;AVEC TPE;50.631298, 3.126914;4;16;CONNECTÉ;50.631298, 3.126914;2023-05-10T18:02:09+02:00
193;BEL AIR;115 Rue de Lambersart;SAINT-ANDRÉ-LEZ-LILLE;EN SERVICE;AVEC TPE;50.658146, 3.042003;10;10;CONNECTÉ;50.658146, 3.042003;2023-05-10T18:02:09+02:00
209;USINE;AVENUE ALFRED MOTTE;ROUBAIX;EN SERVICE;AVEC TPE;50.674995, 3.195737;15;5;CONNECTÉ;50.674995, 3.195737;2023-05-10T18:02:09+02:00
142;TREMIERE;RUE TRÉMIÈRES ANGLE RUE DES FUSILLÉS;VILLENEUVE D'ASCQ;EN SERVICE;AVEC TPE;50.6206, 3.138207;14;6;CONNECTÉ;50.6206, 3.138207;2023-05-10T18:02:09+02:00
202;PARC BARBIEUX;AVENUE JEAN JAURES;ROUBAIX;EN SERVICE;AVEC TPE;50.677914, 3.162353;13;11;CONNECTÉ;50.677914, 3.162353;2023-05-10T18:02:09+02:00
210;LINNE;192, AVENUE DE LINNÉ;ROUBAIX;EN SERVICE;AVEC TPE;50.676884, 3.187817;6;6;CONNECTÉ;50.676884, 3.187817;2023-05-10T18:02:09+02:00
167;TRANQUILLITÉ;Rue Léon Gambetta;LILLE;EN SERVICE;AVEC TPE;50.626382, 3.047066;16;4;CONNECTÉ;50.626382, 3.047066;2023-05-10T18:02:09+02:00
207;EUROTELEPORT;78-84, BOULEVARD DU GÉNÉRAL LECLERC;ROUBAIX;EN SERVICE;AVEC TPE;50.69138, 3.17966;18;12;CONNECTÉ;50.69138, 3.17966;2023-05-10T18:02:09+02:00
211;GUSTAVE DELORY;48, AVENUE GUSTAVE DELORY;ROUBAIX;EN SERVICE;AVEC TPE;50.674164, 3.174519;6;12;CONNECTÉ;50.674164, 3.174519;2023-05-10T18:02:09+02:00
173;CHU - CENTRE OSCAR LAMBRET;AVENUE OSCAR LAMBRET;LILLE;EN SERVICE;AVEC TPE;50.61352, 3.03677;17;3;CONNECTÉ;50.61352, 3.03677;2023-05-10T18:02:09+02:00
239;BVRD DE L EGALITE;SECTEUR BVLD EGALITE;TOURCOING;EN SERVICE;AVEC TPE;50.730289, 3.167723;6;8;CONNECTÉ;50.730289, 3.167723;2023-05-10T18:02:09+02:00
212;DANIELLE LESAFFRE;42, RUE DUPUY DE LOMÉ;ROUBAIX;EN SERVICE;SANS TPE;50.682053, 3.182205;9;9;CONNECTÉ;50.682053, 3.182205;2023-05-10T18:02:09+02:00
182;BECQUART;82 Avenue Becquart;LAMBERSART;EN SERVICE;AVEC TPE;50.649644, 3.03812;6;6;CONNECTÉ;50.649644, 3.03812;2023-05-10T18:02:09+02:00
242;TOURCOING GARE;PLACE PIERRE SEMARD;TOURCOING;EN SERVICE;AVEC TPE;50.716843, 3.167834;14;4;CONNECTÉ;50.716843, 3.167834;2023-05-10T18:02:09+02:00
214;SAINT JEAN-BAPTISTE;1, RUE LESUEUR;ROUBAIX;EN SERVICE;AVEC TPE;50.6795, 3.179257;8;4;CONNECTÉ;50.6795, 3.179257;2023-05-10T18:02:09+02:00
184;RUE DU PARC;18 BIS RUE DU PARC;LA MADELEINE;EN SERVICE;AVEC TPE;50.651107, 3.0678;5;7;CONNECTÉ;50.651107, 3.0678;2023-05-10T18:02:09+02:00
245;JARDIN BOTANIQUE;126, RUE VERTE;TOURCOING;EN SERVICE;AVEC TPE;50.724581, 3.166122;12;6;CONNECTÉ;50.724581, 3.166122;2023-05-10T18:02:09+02:00
220;MUSEE ART ET INDUSTRIE;105, AVENUE JEAN-BAPTISTE LEBAS;ROUBAIX;EN SERVICE;AVEC TPE;50.693768, 3.167666;10;4;CONNECTÉ;50.693768, 3.167666;2023-05-10T18:02:09+02:00
195;TISSERAND;51 Rue Victor Hugo (Lomme);LILLE;EN SERVICE;AVEC TPE;50.631135, 3.008346;5;15;CONNECTÉ;50.631135, 3.008346;2023-05-10T18:02:09+02:00
270;PAVÉ DE LILLE;Rue Jean Bart;WASQUEHAL;EN SERVICE;AVEC TPE;50.664211, 3.130098;13;7;CONNECTÉ;50.664211, 3.130098;2023-05-10T18:02:09+02:00
226;CHARLES DE GAULLE;72, RUE DE LILLE;ROUBAIX;EN SERVICE;AVEC TPE;50.68645, 3.170006;11;5;CONNECTÉ;50.68645, 3.170006;2023-05-10T18:02:09+02:00
204;JEAN MOULIN;FACE AU 49 BIS BD DU GÉNÉRAL DE GAULLE;ROUBAIX;EN SERVICE;SANS TPE;50.684757, 3.171974;8;7;CONNECTÉ;50.684757, 3.171974;2023-05-10T18:02:09+02:00
302;FACHES THUMESNIL MAIRIE;Rue Roger Salengro;FACHES THUMESNIL;EN SERVICE;AVEC TPE;50.60301, 3.06925;11;9;CONNECTÉ;50.60301, 3.06925;2023-05-10T18:02:09+02:00
227;BVRD ARMENTIERES;1, BOULEVARD D'ARMENTIÈRES;ROUBAIX;EN SERVICE;SANS TPE;50.699436, 3.159658;11;7;CONNECTÉ;50.699436, 3.159658;2023-05-10T18:02:09+02:00
243;VICTOIRE;FACE AU 1 PLACE DE LA VICTOIRE;TOURCOING;EN SERVICE;AVEC TPE;50.718204, 3.15749;6;6;CONNECTÉ;50.718204, 3.15749;2023-05-10T18:02:09+02:00
303;RÉSISTANCE;Rue Carnot;FACHES THUMESNIL;EN SERVICE;AVEC TPE;50.60709, 3.06558;9;11;CONNECTÉ;50.60709, 3.06558;2023-05-10T18:02:09+02:00
237;RUE DES ANGES;FACE AU 42 RUE DES ANGES;TOURCOING;EN SERVICE;AVEC TPE;50.719803, 3.156338;9;3;CONNECTÉ;50.719803, 3.156338;2023-05-10T18:02:09+02:00
249;RUE DE MENIN;FACE AU 40 RUE JOURDAN;TOURCOING;EN SERVICE;AVEC TPE;50.728798, 3.154051;7;4;CONNECTÉ;50.728798, 3.154051;2023-05-10T18:02:09+02:00
308;SADI CARNOT;178-180 rue Sadi Carnot;HAUBOURDIN;EN SERVICE;AVEC TPE;50.611307, 2.994654;3;17;CONNECTÉ;50.611307, 2.994654;2023-05-10T18:02:09+02:00
274;CALMETTE;Angle du docteur Calmette et de l'avenue Laennec;HEM;EN SERVICE;AVEC TPE;50.667847, 3.192974;11;9;CONNECTÉ;50.667847, 3.192974;2023-05-10T18:02:09+02:00
267;FER À CHEVAL;Rue  Edouard Vaillant;ROUBAIX;EN SERVICE;AVEC TPE;50.670155, 3.154898;12;8;CONNECTÉ;50.670155, 3.154898;2023-05-10T18:02:09+02:00
126;LE POLYEDRE;FACE AU 38, AVENUE RHIN ET DANUBE;MONS EN BAROEUL;RÉFORMÉ;AVEC TPE;50.64057, 3.115571;3;0;DÉCONNECTÉ;50.64057, 3.115571;2022-11-29T10:47:16+01:00
275;LAËNNEC;4 square Berthelot;HEM;EN SERVICE;AVEC TPE;50.665946, 3.198101;12;8;CONNECTÉ;50.665946, 3.198101;2023-05-10T18:02:09+02:00
301;SAINT CALIXTE;Rue du Bourg;LAMBERSART;EN SERVICE;AVEC TPE;50.65281, 3.02604;12;8;CONNECTÉ;50.65281, 3.02604;2023-05-10T18:02:09+02:00
87;JULES GUESDE;RUE ST ELOI;LILLE HELLEMMES;RÉFORMÉ;AVEC TPE;50.632393, 3.110669;0;0;DÉCONNECTÉ;50.632393, 3.110669;2022-11-29T10:47:16+01:00
128;RUE LOUISE MICHEL;93 RUE LOUISE MICHEL;VILLENEUVE D'ASCQ;RÉFORMÉ;AVEC TPE;50.633842, 3.127335;1;0;DÉCONNECTÉ;50.633842, 3.127335;2022-11-29T10:47:16+01:00
127;FLERS MAIRIE;16 RUE DU GÉNÉRAL LECLERC;VILLENEUVE D'ASCQ;RÉFORMÉ;AVEC TPE;50.63708, 3.127964;0;0;DÉCONNECTÉ;50.63708, 3.127964;2022-11-29T10:47:16+01:00
257;CHARLES WATTINNE;PONT HYDRAULIQUE;TOURCOING;EN SERVICE;AVEC TPE;50.71473, 3.157369;9;7;CONNECTÉ;50.71473, 3.157369;2023-05-10T18:02:09+02:00
134;RUE DES VICTOIRES;76, BOULEVARD VAN GOGH;VILLENEUVE D'ASCQ;RÉFORMÉ;AVEC TPE;50.6221, 3.131706;0;0;DÉCONNECTÉ;50.6221, 3.131706;2022-11-29T10:47:16+01:00
262;WATTRELOS PLACE;2-10, D660;WATTRELOS;RÉFORMÉ;AVEC TPE;50.701187, 3.215011;1;0;DÉCONNECTÉ;50.701187, 3.215011;2022-11-29T10:47:16+01:00
265;CROIX CENTRE;3 PLACE DE LA REPUBLIQUE;CROIX;EN SERVICE;SANS TPE;50.67441, 3.14721;10;6;CONNECTÉ;50.67441, 3.14721;2023-05-10T18:02:09+02:00
218;PLACE SPRIET;PLACE CHARLES SPRIET;ROUBAIX;RÉFORMÉ;AVEC TPE;50.67392, 3.18514;24;0;DÉCONNECTÉ;50.67392, 3.18514;2022-11-29T10:47:16+01:00
251;COLBERT;RUE DE GAND (FACE AU LYCÉE);TOURCOING;EN SERVICE;AVEC TPE;50.72551, 3.156554;15;3;CONNECTÉ;50.72551, 3.156554;2023-05-10T18:02:09+02:00
2;UNIVERSITE CATHOLIQUE;RUE DU PORT BD VAUBAN;LILLE;EN SERVICE;AVEC TPE;50.632233, 3.046134;24;7;CONNECTÉ;50.632233, 3.046134;2023-05-10T18:02:09+02:00
222;LES GOBELINS;32, RUE DE LA COMMUNAUTÉ URBAINE;ROUBAIX;RÉFORMÉ;AVEC TPE;50.6941, 3.172165;12;0;DÉCONNECTÉ;50.6941, 3.172165;2022-11-29T10:47:16+01:00
252;RUE DES POUTRAINS;RUE DE LILLE;TOURCOING;EN SERVICE;AVEC TPE;50.72263, 3.150377;6;10;CONNECTÉ;50.72263, 3.150377;2023-05-10T18:02:09+02:00
45;BRULE MAISON;51 RUE DES POSTES;LILLE;EN SERVICE;AVEC TPE;50.62633, 3.05659;8;10;CONNECTÉ;50.62633, 3.05659;2023-05-10T18:02:09+02:00
264;REPUBLIQUE;203 RUE CARNOT;WATTRELOS;RÉFORMÉ;AVEC TPE;50.697895, 3.206297;0;0;DÉCONNECTÉ;50.697895, 3.206297;2022-11-29T10:47:16+01:00
39;MARCHE DE WAZEMMES;298 RUE LEON GAMBETTA;LILLE;EN SERVICE;AVEC TPE;50.627674, 3.050173;17;6;CONNECTÉ;50.627674, 3.050173;2023-05-10T18:02:09+02:00
78;HOTEL DE POLICE;RUE DU FAUBOURG DES POSTES;LILLE;EN SERVICE;AVEC TPE;50.615536, 3.048518;14;4;CONNECTÉ;50.615536, 3.048518;2023-05-10T18:02:09+02:00
59;BELFORT;84 RUE DE TREVISE;LILLE;RÉFORMÉ;AVEC TPE;50.622223, 3.077127;1;0;DÉCONNECTÉ;50.622223, 3.077127;2022-11-29T10:47:16+01:00
7;PLACE DE STRASBOURG;7 PLACE DE STRASBOURG;LILLE;EN SERVICE;AVEC TPE;50.633728, 3.055307;9;7;CONNECTÉ;50.633728, 3.055307;2023-05-10T18:02:09+02:00
4;MAISON FOLIE WAZEMMES;28 RUE DE L'HOPITAL SAINT ROCH;LILLE;EN SERVICE;AVEC TPE;50.624695, 3.048961;18;2;CONNECTÉ;50.624695, 3.048961;2023-05-10T18:02:09+02:00
256;PONT DE NEUVILLE;301, RUE DU PONT DE NEUVILLE;TOURCOING;EN SERVICE;AVEC TPE;50.73682, 3.1712308;11;5;CONNECTÉ;50.73682, 3.1712308;2023-05-10T18:02:09+02:00
69;CHASSEURS DE DRIANT;11 AVENUE VERHAEREN;LILLE;EN SERVICE;AVEC TPE;50.61893, 3.032539;13;9;CONNECTÉ;50.61893, 3.032539;2023-05-10T18:02:09+02:00
6;REPUBLIQUE BEAUX ARTS;2 RUE INKERMAN;LILLE;EN SERVICE;AVEC TPE;50.630943, 3.060299;10;13;CONNECTÉ;50.630943, 3.060299;2023-05-10T18:02:09+02:00
8;PLACE RICHEBE;3 PLACE RICHEBE;LILLE;EN SERVICE;AVEC TPE;50.632366, 3.062313;25;15;CONNECTÉ;50.632366, 3.062313;2023-05-10T18:02:09+02:00
132;CENTRE COMMERCIAL V2;BOULEVARD VALMY;VILLENEUVE D'ASCQ;EN SERVICE;AVEC TPE;50.61606, 3.132006;8;11;CONNECTÉ;50.61606, 3.132006;2023-05-10T18:02:09+02:00
9;RUE DE TOUL;18 RUE DE TOUL;LILLE;EN SERVICE;AVEC TPE;50.63393, 3.044986;33;3;CONNECTÉ;50.63393, 3.044986;2023-05-10T18:02:09+02:00
10;RIHOUR;ANGLE PLACE RIHOUR;LILLE;EN SERVICE;AVEC TPE;50.63589, 3.062471;18;14;CONNECTÉ;50.63589, 3.062471;2023-05-10T18:02:09+02:00
137;HERON PARC;40, RUE DE LA VAGUE;VILLENEUVE D'ASCQ;EN SERVICE;AVEC TPE;50.615868, 3.126089;17;13;CONNECTÉ;50.615868, 3.126089;2023-05-10T18:02:09+02:00
15;ESPLANADE;PONT DU PETIT PARADIS;LILLE;EN SERVICE;AVEC TPE;50.6449, 3.050645;12;12;CONNECTÉ;50.6449, 3.050645;2023-05-10T18:02:09+02:00
21;PLACE DU CONCERT;RUE ALPHONSE COLAS;LILLE;EN SERVICE;AVEC TPE;50.64193, 3.061774;20;0;CONNECTÉ;50.64193, 3.061774;2023-05-10T18:02:09+02:00
141;METRO TRIOLO;2 RUE TRAVERSIÈRE ANGLE ALLÉE TURGOT;VILLENEUVE D'ASCQ;EN SERVICE;AVEC TPE;50.61682, 3.140808;10;14;CONNECTÉ;50.61682, 3.140808;2023-05-10T18:02:09+02:00
32;PLACE AUX BLEUETS;15 RUE DE COURTRAI;LILLE;EN SERVICE;AVEC TPE;50.64142, 3.067873;8;8;CONNECTÉ;50.64142, 3.067873;2023-05-10T18:02:09+02:00
28;PALAIS RAMEAU;17 RUE SOLFERINO;LILLE;EN SERVICE;AVEC TPE;50.634686, 3.048344;27;13;CONNECTÉ;50.634686, 3.048344;2023-05-10T18:02:09+02:00
155;BAILLY;FACE AU 4 RUE GAMBETTA;SAINT ANDRE LEZ LILLE;EN SERVICE;AVEC TPE;50.655098, 3.051201;3;12;CONNECTÉ;50.655098, 3.051201;2023-05-10T18:02:09+02:00
51;JB LEBAS;2 RUE CAMBRAI;LILLE;EN SERVICE;AVEC TPE;50.62482, 3.068689;23;16;CONNECTÉ;50.62482, 3.068689;2023-05-10T18:02:09+02:00
62;ZENITH;BOULEVARD EMILE DUBUISSON;LILLE;EN SERVICE;AVEC TPE;50.632965, 3.076437;19;11;CONNECTÉ;50.632965, 3.076437;2023-05-10T18:02:09+02:00
157;CANON D'OR;FACE AU 255 RUE DE LILLE;LAMBERSART;EN SERVICE;AVEC TPE;50.64989, 3.042045;12;4;CONNECTÉ;50.64989, 3.042045;2023-05-10T18:02:09+02:00
56;BD VICTOR HUGO;214 BOULEVARD VICTOR HUGO;LILLE;EN SERVICE;AVEC TPE;50.620304, 3.055471;17;1;CONNECTÉ;50.620304, 3.055471;2023-05-10T18:02:09+02:00
64;MAIRIE DE LILLE;17 RUE SAINT SAUVEUR;LILLE;EN SERVICE;AVEC TPE;50.6318, 3.071392;19;1;CONNECTÉ;50.6318, 3.071392;2023-05-10T18:02:09+02:00
158;DELECAUT;FACE AU 102 AVENUE HENRI DELECAUX;LAMBERSART;EN SERVICE;AVEC TPE;50.644943, 3.036932;9;11;CONNECTÉ;50.644943, 3.036932;2023-05-10T18:02:09+02:00
57;BARTHELEMY DELESPAUL;FACE AU 52 RUE BARTHELEMY DELESPAUL;LILLE;EN SERVICE;AVEC TPE;50.62418, 3.058902;11;7;CONNECTÉ;50.62418, 3.058902;2023-05-10T18:02:09+02:00
77;MONT DE TERRE;7 RUE MATTEOTI;LILLE;EN SERVICE;AVEC TPE;50.62286, 3.0914;8;10;CONNECTÉ;50.62286, 3.0914;2023-05-10T18:02:09+02:00
168;RIVES DE LA HAUTE DEULE;280-248 RUE DU PONT à FOURCHON;LILLE;EN SERVICE;AVEC TPE;50.630855, 3.0226;8;6;CONNECTÉ;50.630855, 3.0226;2023-05-10T18:02:09+02:00
70;CITE ADMINISTRATIVE;51 RUE DE TOURNAI;LILLE;EN SERVICE;AVEC TPE;50.63424, 3.073991;7;9;CONNECTÉ;50.63424, 3.073991;2023-05-10T18:02:09+02:00
94;MARX DORMOY;RUE DE BORDEAUX;LILLE;EN SERVICE;AVEC TPE;50.63579, 3.033977;1;23;CONNECTÉ;50.63579, 3.033977;2023-05-10T18:02:09+02:00
174;CHU - EURASANTÉ;BOULEVARD EUGENE DUTHOIT;LILLE;EN SERVICE;AVEC TPE;50.607664, 3.038892;22;6;CONNECTÉ;50.607664, 3.038892;2023-05-10T18:02:09+02:00
76;FIVES;123 RUE PIERRE LEGRAND;LILLE;EN SERVICE;AVEC TPE;50.632996, 3.089651;19;5;CONNECTÉ;50.632996, 3.089651;2023-05-10T18:02:09+02:00
108;GENERAL DE GAULLE;108 RUE DU GENERAL DE GAULLE;MONS EN BAROEUL;EN SERVICE;AVEC TPE;50.645267, 3.100516;11;9;CONNECTÉ;50.645267, 3.100516;2023-05-10T18:02:09+02:00
177;RUE DE LONDRES;2 Rue du Maréchal Foch;LOOS;EN SERVICE;AVEC TPE;50.616763, 3.023032;6;8;CONNECTÉ;50.616763, 3.023032;2023-05-10T18:02:09+02:00
79;CIMETIERE DU SUD;65 RUE DU FAUBOURG DES POSTES;LILLE;EN SERVICE;AVEC TPE;50.61295, 3.047268;14;6;CONNECTÉ;50.61295, 3.047268;2023-05-10T18:02:09+02:00
114;BOIS HABITE;BOULEVARD DU PRÉSIDENT HOOVER;LILLE;EN SERVICE;AVEC TPE;50.62651, 3.079211;9;8;CONNECTÉ;50.62651, 3.079211;2023-05-10T18:02:09+02:00
194;LOMMELET;181 rue du Général Leclerc;SAINT ANDRE LEZ LILLE;EN SERVICE;AVEC TPE;50.665968, 3.049462;7;13;CONNECTÉ;50.665968, 3.049462;2023-05-10T18:02:09+02:00
86;ROGER SALENGRO;68 RUE ROGER SALENGRO;LILLE HELLEMMES;EN SERVICE;AVEC TPE;50.62903, 3.10295;8;4;CONNECTÉ;50.62903, 3.10295;2023-05-10T18:02:09+02:00
120;LOMME MAIRIE;HÔTEL DE VILLE;LOMME;EN SERVICE;AVEC TPE;50.63899, 3.01154;11;7;CONNECTÉ;50.63899, 3.01154;2023-05-10T18:02:09+02:00
205;CONDITION PUBLIQUE;45, RUE LOUIS DUPIRE;ROUBAIX;EN SERVICE;AVEC TPE;50.69106, 3.1902585;2;16;CONNECTÉ;50.69106, 3.1902585;2023-05-10T18:02:09+02:00
91;SQUARE DES MERES;95 RUE DE LANNOY;LILLE;EN SERVICE;AVEC TPE;50.63417, 3.095958;18;7;CONNECTÉ;50.63417, 3.095958;2023-05-10T18:02:09+02:00
121;PONT SUPERIEUR;ANGLE DE LA RUE AUGUSTE BONTE;LOMME;EN SERVICE;AVEC TPE;50.644855, 3.013238;8;8;CONNECTÉ;50.644855, 3.013238;2023-05-10T18:02:09+02:00
219;GARE JEAN LEBAS;PLACE DE LA GARE;ROUBAIX;EN SERVICE;AVEC TPE;50.695477, 3.164222;12;5;CONNECTÉ;50.695477, 3.164222;2023-05-10T18:02:09+02:00
93;STADE BALLET;85 RUE DU LONG POT;LILLE;EN SERVICE;AVEC TPE;50.628918, 3.088147;10;6;CONNECTÉ;50.628918, 3.088147;2023-05-10T18:02:09+02:00
146;SOLFERINO NATIONALE;FACE 171 RUE NATIONALE;LILLE;EN SERVICE;AVEC TPE;50.63268, 3.052483;7;11;CONNECTÉ;50.63268, 3.052483;2023-05-10T18:02:09+02:00
229;NATIONS UNIES;158, BOULEVARD GAMBETTA;ROUBAIX;EN SERVICE;SANS TPE;50.692368, 3.185092;11;7;CONNECTÉ;50.692368, 3.185092;2023-05-10T18:02:09+02:00
113;AVENUE DE MORMAL;16, RUE DU BUISSON;LILLE;EN SERVICE;AVEC TPE;50.651337, 3.08945;8;10;CONNECTÉ;50.651337, 3.08945;2023-05-10T18:02:09+02:00
161;CHAUDE RIVIÈRE;Rue Chaude Rivière;LILLE;EN SERVICE;AVEC TPE;50.634417, 3.0822274;10;5;CONNECTÉ;50.634417, 3.0822274;2023-05-10T18:02:09+02:00
232;FOSSE AUX CHENES;13, PLACE DE LA FOSSE AUX CHÊNES;ROUBAIX;EN SERVICE;AVEC TPE;50.699734, 3.174347;8;6;CONNECTÉ;50.699734, 3.174347;2023-05-10T18:02:09+02:00
122;PISCINE DE MARCQ;298-300 AVENUE DE LATTRE DE TASSIGNY;MARCQ EN BAROEUL;EN SERVICE;AVEC TPE;50.666033, 3.087591;7;9;CONNECTÉ;50.666033, 3.087591;2023-05-10T18:02:09+02:00
164;HOPITAL MILITAIRE;2 RUE PIERRE DUPONT;LILLE;EN SERVICE;AVEC TPE;50.63393, 3.061687;12;3;CONNECTÉ;50.63393, 3.061687;2023-05-10T18:02:09+02:00
236;CHAPTAL;3, RUE D'AVELGHEM;ROUBAIX;EN SERVICE;SANS TPE;50.694714, 3.192643;8;4;CONNECTÉ;50.694714, 3.192643;2023-05-10T18:02:09+02:00
139;RUE DE LILLE;RUE DE LILLE;VILLENEUVE D'ASCQ;EN SERVICE;AVEC TPE;50.62577, 3.144714;10;6;CONNECTÉ;50.62577, 3.144714;2023-05-10T18:02:09+02:00
175;RECHERCHE;977 RUE EUGENE AVINEE;LOOS;EN SERVICE;AVEC TPE;50.60301, 3.038779;16;0;CONNECTÉ;50.60301, 3.038779;2023-05-10T18:02:09+02:00
247;ROUGET DE L ISLE;SECTEUR BVRD DE L'EGALITÉ;TOURCOING;EN SERVICE;AVEC TPE;50.73418, 3.1681724;6;9;CONNECTÉ;50.73418, 3.1681724;2023-05-10T18:02:09+02:00
149;JEAN JAURES;FACE AU 780 AVENUE JEAN JAURES;RONCHIN;EN SERVICE;AVEC TPE;50.609592, 3.075483;5;12;CONNECTÉ;50.609592, 3.075483;2023-05-10T18:02:09+02:00
176;FACULTÉ DE MÉDECINE;Avenue Eugène Avinée;LOOS;EN SERVICE;AVEC TPE;50.604525, 3.031224;16;0;CONNECTÉ;50.604525, 3.031224;2023-05-10T18:02:09+02:00
272;CHARLES FOURIER;261 avenue Gustave Delory;ROUBAIX;EN SERVICE;AVEC TPE;50.671517, 3.183123;12;6;CONNECTÉ;50.671517, 3.183123;2023-05-10T18:02:09+02:00
150;RONCHIN MAIRIE;SUR LE PARVIS DE LA MAIRIE;RONCHIN;EN SERVICE;AVEC TPE;50.60548, 3.077622;19;5;CONNECTÉ;50.60548, 3.077622;2023-05-10T18:02:09+02:00
190;QUAI 22;149 rue Sadi Carnot;SAINT ANDRE LEZ LILLE;EN SERVICE;AVEC TPE;50.662941, 3.057167;7;7;CONNECTÉ;50.662941, 3.057167;2023-05-10T18:02:09+02:00
273;PISCINE DES 3 VILLES;Rue Claude Bernard;HEM;EN SERVICE;AVEC TPE;50.670865, 3.198875;12;8;CONNECTÉ;50.670865, 3.198875;2023-05-10T18:02:09+02:00
178;LA FILEUSE;81 RUE DU MARECHAL FOCH;LOOS;EN SERVICE;AVEC TPE;50.615246, 3.018435;2;16;CONNECTÉ;50.615246, 3.018435;2023-05-10T18:02:09+02:00
192;LE STADIUM;AVENUE DE LA CHATELLENIE;VILLENEUVE D'ASCQ;EN SERVICE;SANS TPE;50.6312847, 3.1350379;5;9;CONNECTÉ;50.6312847, 3.1350379;2023-05-10T18:02:09+02:00
306;CHATELLENIE;Angle Chatellenie / allée chanteclerc;VILLENEUVE D'ASCQ;EN SERVICE;AVEC TPE;50.63599, 3.13566;12;8;CONNECTÉ;50.63599, 3.13566;2023-05-10T18:02:09+02:00
186;MARCQ MAIRIE;29-1 Av du Mal de LATTRE de TASSIGNY;MARCQ EN BAROEUL;EN SERVICE;SANS TPE;50.672415, 3.0924237;9;3;CONNECTÉ;50.672415, 3.0924237;2023-05-10T18:02:09+02:00
221;ROUBAIX MAIRIE;FACE AU 1, CONTOUR  SAINT MARTIN;ROUBAIX;EN SERVICE;AVEC TPE;50.69184, 3.173925;12;18;CONNECTÉ;50.69184, 3.173925;2023-05-10T18:02:09+02:00
105;VERDUN;69 AVENUE DE VERDUN;MONS EN BAROEUL;RÉFORMÉ;AVEC TPE;50.638126, 3.10231;0;0;DÉCONNECTÉ;50.638126, 3.10231;2022-11-29T10:47:16+01:00
188;LOUIS BRAILLE;17 rue Louis Braille;MONS EN BAROEUL;EN SERVICE;AVEC TPE;50.637103, 3.097538;1;11;CONNECTÉ;50.637103, 3.097538;2023-05-10T18:02:09+02:00
230;DE LA VIGNE;181, BOULEVARD DE STRASBOURG;ROUBAIX;EN SERVICE;AVEC TPE;50.70076, 3.18407;8;3;CONNECTÉ;50.70076, 3.18407;2023-05-10T18:02:09+02:00
118;COLLEGE LAVOISIER;56, RUE PAUL VAILLANT;LAMBERSART;RÉFORMÉ;AVEC TPE;50.641834, 3.022364;0;0;DÉCONNECTÉ;50.641834, 3.022364;2022-11-29T10:47:16+01:00
197;NOTEBART;Avenue Arthur Notebart;LILLE;EN SERVICE;AVEC TPE;50.630834, 3.013247;14;6;CONNECTÉ;50.630834, 3.013247;2023-05-10T18:02:09+02:00
276;GEORGES HANNART;141 Rue de la Gare;CROIX;EN SERVICE;AVEC TPE;50.67756, 3.14019;14;6;CONNECTÉ;50.67756, 3.14019;2023-05-10T18:02:09+02:00
140;RUE CORNEILLE;RUE CORNEILLE;VILLENEUVE D'ASCQ;RÉFORMÉ;SANS TPE;50.623795, 3.144815;14;0;DÉCONNECTÉ;50.623795, 3.144815;2022-11-29T10:47:16+01:00
200;MAIRIE DE CROIX;FACE AU 232, RUE JEAN JAURÈS;CROIX;EN SERVICE;AVEC TPE;50.679123, 3.155906;15;9;CONNECTÉ;50.679123, 3.155906;2023-05-10T18:02:09+02:00
300;ROUSSEAU;angle Rousseau /Delecaux;LAMBERSART;EN SERVICE;AVEC TPE;50.64466, 3.03027;12;8;CONNECTÉ;50.64466, 3.03027;2023-05-10T18:02:09+02:00
258;CARLIERS;135, CHAUSSÉE GALILÉE;TOURCOING;EN SERVICE;AVEC TPE;50.710735, 3.159881;10;2;CONNECTÉ;50.710735, 3.159881;2023-05-10T18:02:09+02:00
217;HOPITAL VICTOR PROVO;BOULEVARD DE LYON;ROUBAIX;EN SERVICE;AVEC TPE;50.67869, 3.172558;4;12;CONNECTÉ;50.67869, 3.172558;2023-05-10T18:02:09+02:00
311;GRANDS MOULINS DE PARIS;Avenue Decauville;MARQUETTE-LEZ-LILLE;EN SERVICE;AVEC TPE;50.671409, 3.055056;8;12;CONNECTÉ;50.671409, 3.055056;2023-05-10T18:02:09+02:00
16;MAGASIN;3 RUE SAINT ANDRE;LILLE;EN SERVICE;AVEC TPE;50.646225, 3.053499;13;3;CONNECTÉ;50.646225, 3.053499;2023-05-10T18:02:09+02:00
224;CENTRE NAUTIQUE;26, RUE DE L'EPEULE;ROUBAIX;EN SERVICE;AVEC TPE;50.691406, 3.162704;9;5;CONNECTÉ;50.691406, 3.162704;2023-05-10T18:02:09+02:00
312;SAINT ROCH;Rue Saint Roch;MARQUETTE;EN SERVICE;AVEC TPE;50.672499, 3.069317;10;10;CONNECTÉ;50.672499, 3.069317;2023-05-10T18:02:09+02:00
17;HALLE AUX SUCRES;33 AVENUE DU PEUPLE BELGE;LILLE;EN SERVICE;AVEC TPE;50.644695, 3.060867;18;1;CONNECTÉ;50.644695, 3.060867;2023-05-10T18:02:09+02:00
225;EPEULE MONTESQUIEU;RUE INKERMAN;ROUBAIX;EN SERVICE;AVEC TPE;50.683987, 3.16327;6;10;CONNECTÉ;50.683987, 3.16327;2023-05-10T18:02:09+02:00
129;FLERS CHATEAU;RUE DE LA CHEVALERIE;VILLENEUVE D'ASCQ;RÉFORMÉ;AVEC TPE;50.63608, 3.130853;0;0;DÉCONNECTÉ;50.63608, 3.130853;2022-11-29T10:47:16+01:00
23;RUE DES ARTS;41 RUE DES ARTS;LILLE;IN_MAINTENANCE;AVEC TPE;50.639107, 3.065548;18;0;DÉCONNECTÉ;50.639107, 3.065548;2023-05-10T18:02:09+02:00
238;THEATRE TOURCOING;1, RUE DE L'ALMA;TOURCOING;EN SERVICE;AVEC TPE;50.72075, 3.152659;5;12;CONNECTÉ;50.72075, 3.152659;2023-05-10T18:02:09+02:00
143;ROND POINT DE TOURNAI;55, RUE DES FUSILLÉS;VILLENEUVE D'ASCQ;RÉFORMÉ;AVEC TPE;50.61776, 3.146026;1;0;DÉCONNECTÉ;50.61776, 3.146026;2022-11-29T10:47:16+01:00
33;PORT DE LILLE;18 RUE DE TURENNE;LILLE;EN SERVICE;AVEC TPE;50.63022, 3.035681;14;12;CONNECTÉ;50.63022, 3.035681;2023-05-10T18:02:09+02:00
248;RUE SAINT BLAISE;85, RUE DE GAND;TOURCOING;EN SERVICE;AVEC TPE;50.728798, 3.158835;7;5;CONNECTÉ;50.728798, 3.158835;2023-05-10T18:02:09+02:00
228;PELLART;15, RUE PELLART;ROUBAIX;RÉFORMÉ;AVEC TPE;50.69535, 3.180779;7;0;DÉCONNECTÉ;50.69535, 3.180779;2022-11-29T10:47:16+01:00
42;PLACE PHILIPPE LEBON;15 PLACE PHILLIPPE LEBON;LILLE;EN SERVICE;AVEC TPE;50.62789, 3.06209;8;10;CONNECTÉ;50.62789, 3.06209;2023-05-10T18:02:09+02:00
268;BLANCHEMAILLE;59-55 RUE DE BLANCHEMAILLE;ROUBAIX;EN SERVICE;AVEC TPE;50.6967934, 3.1684926;10;5;CONNECTÉ;50.6967934, 3.1684926;2023-05-10T18:02:09+02:00
263;STALINGRAD;38-4 RUE DE STALINGRAD;WATTRELOS;RÉFORMÉ;AVEC TPE;50.69626, 3.209156;1;0;DÉCONNECTÉ;50.69626, 3.209156;2022-11-29T10:47:16+01:00
52;PLACE COLETTE BESSON;FACE AU 37 RUE DE WAZEMMES;LILLE;EN SERVICE;AVEC TPE;50.62276, 3.063799;15;7;CONNECTÉ;50.62276, 3.063799;2023-05-10T18:02:09+02:00
269;DELORY BARBIEUX;12 Avenue Gustave Delory;ROUBAIX;EN SERVICE;AVEC TPE;50.676944, 3.167306;18;2;CONNECTÉ;50.676944, 3.167306;2023-05-10T18:02:09+02:00
89;BOULEVARD DE METZ;40 BOULEVARD DE METZ;LILLE;RÉFORMÉ;AVEC TPE;50.619312, 3.041299;0;0;DÉCONNECTÉ;50.619312, 3.041299;2022-11-29T10:47:16+01:00
71;BOIS BLANCS;122 AVENUE DE DUNKERQUE;LILLE;EN SERVICE;AVEC TPE;50.634045, 3.030778;20;2;CONNECTÉ;50.634045, 3.030778;2023-05-10T18:02:09+02:00
271;WASQUEHAL HOTEL DE VILLE;Wasquehal Hotel de ville;WASQUEHAL;EN SERVICE;AVEC TPE;50.669867, 3.131048;12;8;CONNECTÉ;50.669867, 3.131048;2023-05-10T18:02:09+02:00
255;RUE DE ROUBAIX;SECTEUR UNION;TOURCOING;EN SERVICE;SANS TPE;50.7134, 3.165011;9;3;CONNECTÉ;50.7134, 3.165011;2023-05-10T18:02:09+02:00
82;GARE LILLE EUROPE;299 BOULEVARD DE LEEDS;LILLE;EN SERVICE;AVEC TPE;50.63999, 3.075204;6;26;CONNECTÉ;50.63999, 3.075204;2023-05-10T18:02:09+02:00
307;4 VENTS;rue chanzy;LEZENNES;EN SERVICE;AVEC TPE;50.61245, 3.12268;16;4;CONNECTÉ;50.61245, 3.12268;2023-05-10T18:02:09+02:00
261;PHALEMPINS;PHALEMPINS;TOURCOING;EN SERVICE;AVEC TPE;50.732277, 3.157656;10;6;CONNECTÉ;50.732277, 3.157656;2023-05-10T18:02:09+02:00
151;CH. DES MARGUERITOIS;FACE AU 152 CHEMIN MARGUERITOIS;RONCHIN;DÉCONNECTÉ;AVEC TPE;50.60642, 3.072209;7;6;DÉCONNECTÉ;50.60642, 3.072209;2023-05-10T18:02:09+02:00
313;PONT DE L'ABBAYE;1 Rue de Lille;MARQUETTE;EN SERVICE;AVEC TPE;50.666236, 3.06415;11;9;CONNECTÉ;50.666236, 3.06415;2023-05-10T18:02:09+02:00
12;OPERA;FACE AU 8 RUE ANATOLE FRANCE;LILLE;EN SERVICE;AVEC TPE;50.637486, 3.065902;25;0;CONNECTÉ;50.637486, 3.065902;2023-05-10T18:02:09+02:00
152;CHEMIN ROUGE;FACE AU 2 CHEMIN ROUGE;FACHES-THUMESNIL;EN SERVICE;AVEC TPE;50.610582, 3.065103;13;3;CONNECTÉ;50.610582, 3.065103;2023-05-10T18:02:09+02:00
106;CONCORDE;27 BOULEVARD ALPHONSE GAYET;MONS EN BAROEUL;RÉFORMÉ;AVEC TPE;50.638123, 3.112704;0;0;DÉCONNECTÉ;50.638123, 3.112704;2022-11-29T10:47:16+01:00
88;RUE NATIONALE;91 RUE NATIONALE;LILLE;EN SERVICE;AVEC TPE;50.635082, 3.058015;26;4;CONNECTÉ;50.635082, 3.058015;2023-05-10T18:02:09+02:00
166;CAMPUS ST RAPHAEL;100 BOULEVARD VAUBAN;LILLE;EN SERVICE;AVEC TPE;50.63084, 3.04483;13;3;CONNECTÉ;50.63084, 3.04483;2023-05-10T18:02:09+02:00
112;SQUARE CHARLES DE GAULLE;4, RUE FERDINAND BUISSON;HELLEMMES;RÉFORMÉ;AVEC TPE;50.626846, 3.115101;0;0;DÉCONNECTÉ;50.626846, 3.115101;2022-11-29T10:47:16+01:00
3;JARDIN VAUBAN;39 BOULEVARD VAUBAN;LILLE;EN SERVICE;AVEC TPE;50.636093, 3.050447;12;6;CONNECTÉ;50.636093, 3.050447;2023-05-10T18:02:09+02:00
171;AUBERGE DE JEUNESSE;235 Bld PAUL PAINLEVE;LILLE;EN SERVICE;AVEC TPE;50.62479, 3.080467;15;1;CONNECTÉ;50.62479, 3.080467;2023-05-10T18:02:09+02:00
215;TROIS PONTS;186, AVENUE JULIEN LAGACHE;ROUBAIX;RÉFORMÉ;AVEC TPE;50.684593, 3.200799;0;0;DÉCONNECTÉ;50.684593, 3.200799;2022-11-29T10:47:16+01:00
20;N.D. DE LA TREILLE;PLACE GILLSON;LILLE;EN SERVICE;AVEC TPE;50.640385, 3.062053;22;8;CONNECTÉ;50.640385, 3.062053;2023-05-10T18:02:09+02:00
191;FERME D'EN HAUT;RUE JULES GUESDE;VILLENEUVE D'ASCQ;EN SERVICE;AVEC TPE;50.638838, 3.1317727;9;9;CONNECTÉ;50.638838, 3.1317727;2023-05-10T18:02:09+02:00
233;RUE DE TOURCOING;RUE DE TOURCOING (SUR LA PARKING GRDF);ROUBAIX;RÉFORMÉ;AVEC TPE;50.702026, 3.172654;16;0;DÉCONNECTÉ;50.702026, 3.172654;2022-11-29T10:47:16+01:00
29;ST SEBASTIEN;40 RUE SAINT SEBASTIEN;LILLE;EN SERVICE;AVEC TPE;50.647236, 3.059376;19;9;CONNECTÉ;50.647236, 3.059376;2023-05-10T18:02:09+02:00
201;EDHEC;272, RUE VERTE;CROIX;EN SERVICE;AVEC TPE;50.673943, 3.163443;4;26;CONNECTÉ;50.673943, 3.163443;2023-05-10T18:02:09+02:00
253;AVENUE MILLET;SECTEUR RUE CONDORCET;TOURCOING;EN SERVICE;SANS TPE;50.72498, 3.150884;7;5;CONNECTÉ;50.72498, 3.150884;2023-05-10T18:02:09+02:00
31;PONT NEUF;38 BIS RUE DU PONT NEUF;LILLE;EN SERVICE;AVEC TPE;50.644264, 3.062935;16;4;CONNECTÉ;50.644264, 3.062935;2023-05-10T18:02:09+02:00
203;VICTOR PROVO;BOULEVARD DU GÉNÉRAL DE GAULLE;ROUBAIX;EN SERVICE;AVEC TPE;50.68079, 3.167454;15;5;CONNECTÉ;50.68079, 3.167454;2023-05-10T18:02:09+02:00
254;SEBASTOPOL;FACE AU 69 RUE CARNOT;TOURCOING;EN SERVICE;SANS TPE;50.71732, 3.162455;11;7;CONNECTÉ;50.71732, 3.162455;2023-05-10T18:02:09+02:00
36;CORMONTAIGNE;16 - 36 PLACE CORMONTAIGNE;LILLE;EN SERVICE;AVEC TPE;50.62624, 3.039911;28;8;CONNECTÉ;50.62624, 3.039911;2023-05-10T18:02:09+02:00
216;FRATERNITE;PLACE DE LA FRATERNITÉ;ROUBAIX;EN SERVICE;AVEC TPE;50.681797, 3.194122;11;5;CONNECTÉ;50.681797, 3.194122;2023-05-10T18:02:09+02:00
22;LOUISE DE BETTIGNIES;PLACE LOUISE DE BETTIGNIES;LILLE;EN SERVICE;AVEC TPE;50.64144, 3.064974;19;11;CONNECTÉ;50.64144, 3.064974;2023-05-10T18:02:09+02:00
43;THEATRE SEBASTOPOL;3 PLACE SEBASTOPOL;LILLE;EN SERVICE;AVEC TPE;50.629044, 3.058288;18;14;CONNECTÉ;50.629044, 3.058288;2023-05-10T18:02:09+02:00
234;ALSACE;89, BOULEVARD D'ARMENTIÈRES;ROUBAIX;EN SERVICE;AVEC TPE;50.7004, 3.161378;10;6;CONNECTÉ;50.7004, 3.161378;2023-05-10T18:02:09+02:00
40;METRO GAMBETTA;41 RUE DU MARCHE;LILLE;EN SERVICE;AVEC TPE;50.62614, 3.051729;14;14;CONNECTÉ;50.62614, 3.051729;2023-05-10T18:02:09+02:00
48;PORTE DE DOUAI;PLACE FERNIG;LILLE;EN SERVICE;AVEC TPE;50.61843, 3.07241;24;2;CONNECTÉ;50.61843, 3.07241;2023-05-10T18:02:09+02:00
240;POSTE;22, RUE LÉON SALEMBIER;TOURCOING;EN SERVICE;AVEC TPE;50.71922, 3.163396;7;5;CONNECTÉ;50.71922, 3.163396;2023-05-10T18:02:09+02:00
50;RUE D'ARRAS;4 RUE WAZEMMES;LILLE;EN SERVICE;AVEC TPE;50.62224, 3.067004;23;2;CONNECTÉ;50.62224, 3.067004;2023-05-10T18:02:09+02:00
58;PORTE DE VALENCIENNES;BOULEVARD DE BELFORT;LILLE;EN SERVICE;AVEC TPE;50.62073, 3.07895;13;7;CONNECTÉ;50.62073, 3.07895;2023-05-10T18:02:09+02:00
250;TOURCOING MAIRIE;6 BIS, RUE NATIONALE;TOURCOING;EN SERVICE;AVEC TPE;50.72389, 3.160344;19;3;CONNECTÉ;50.72389, 3.160344;2023-05-10T18:02:09+02:00
25;GARE LILLE FLANDRES;PLACE DE LA GARE;LILLE;EN SERVICE;AVEC TPE;50.636399, 3.069354;9;23;CONNECTÉ;50.636399, 3.069354;2023-05-10T18:02:09+02:00
61;LILLE GRAND PALAIS;30 BOULEVARD DU MARECHAL VAILLANT;LILLE;EN SERVICE;AVEC TPE;50.629246, 3.075218;23;1;CONNECTÉ;50.629246, 3.075218;2023-05-10T18:02:09+02:00
37;FULTON;14 RUE DU BAZINGHIEN;LILLE;EN SERVICE;AVEC TPE;50.62337, 3.037553;5;7;CONNECTÉ;50.62337, 3.037553;2023-05-10T18:02:09+02:00
75;EUGENE JACQUET;59 RUE EUGENE JACQUET;LILLE;EN SERVICE;AVEC TPE;50.637337, 3.084894;17;4;CONNECTÉ;50.637337, 3.084894;2023-05-10T18:02:09+02:00
49;PLACE DELIOT;1 PLACE DELIOT;LILLE;EN SERVICE;AVEC TPE;50.61957, 3.068387;19;5;CONNECTÉ;50.61957, 3.068387;2023-05-10T18:02:09+02:00
99;LA MADELEINE MAIRIE;RUE DU GENERAL DE GAULLE;LA MADELEINE;EN SERVICE;AVEC TPE;50.654602, 3.073805;23;1;CONNECTÉ;50.654602, 3.073805;2023-05-10T18:02:09+02:00
63;HOTEL DE REGION;BOULEVARD DU PRESIDENT HOOVER;LILLE;EN SERVICE;AVEC TPE;50.629738, 3.078224;31;1;CONNECTÉ;50.629738, 3.078224;2023-05-10T18:02:09+02:00
101;MONS SARTS;AVENUE DES ACACIAS;MONS EN BAROEUL;EN SERVICE;AVEC TPE;50.6423, 3.099291;15;9;CONNECTÉ;50.6423, 3.099291;2023-05-10T18:02:09+02:00
73;ST MAURICE PELLEVOISIN;211 RUE DU FAUBOURG DE ROUBAIX;LILLE;EN SERVICE;AVEC TPE;50.642315, 3.087979;14;10;CONNECTÉ;50.642315, 3.087979;2023-05-10T18:02:09+02:00
115;DE GAULLE;85, RUE DU GÉNÉRAL DE GAULLE;LA MADELEINE;EN SERVICE;AVEC TPE;50.651497, 3.072316;11;7;CONNECTÉ;50.651497, 3.072316;2023-05-10T18:02:09+02:00
84;MAIRIE D'HELLEMMES;165 RUE ROGER SALENGRO;LILLE HELLEMMES;EN SERVICE;AVEC TPE;50.627243, 3.109266;22;2;CONNECTÉ;50.627243, 3.109266;2023-05-10T18:02:09+02:00
117;HIPPODROME;9, AVENUE HENRI GRUSON;LAMBERSART;EN SERVICE;AVEC TPE;50.641617, 3.031375;6;15;CONNECTÉ;50.641617, 3.031375;2023-05-10T18:02:09+02:00
119;LOMME-LAMBERSART;390, AVENUE DE DUNKERQUE;LAMBERSART;EN SERVICE;AVEC TPE;50.640957, 3.018803;6;12;CONNECTÉ;50.640957, 3.018803;2023-05-10T18:02:09+02:00
123;RUE DE L'EGLISE;71, RUE NATIONALE;MARCQ EN BAROEUL;EN SERVICE;AVEC TPE;50.665348, 3.075792;9;8;CONNECTÉ;50.665348, 3.075792;2023-05-10T18:02:09+02:00
125;FORT DE MONS;12, RUE DE NORMANDIE;MONS EN BAROEUL;EN SERVICE;AVEC TPE;50.643883, 3.118579;14;6;CONNECTÉ;50.643883, 3.118579;2023-05-10T18:02:09+02:00
162;ANGELLIER;3 RUE AUGUSTE ANGELLIER;LILLE;EN SERVICE;AVEC TPE;50.628544, 3.065015;17;9;CONNECTÉ;50.628544, 3.065015;2023-05-10T18:02:09+02:00
130;PONT DE BOIS;RUE BAUDOUIN IX - MÉTRO PONT DE BOIS;VILLENEUVE D'ASCQ;EN SERVICE;AVEC TPE;50.62435, 3.1283;18;12;CONNECTÉ;50.62435, 3.1283;2023-05-10T18:02:09+02:00
163;JEANNE D'ARC;31b Rue Jeanne d’Arc (Lille);LILLE;EN SERVICE;AVEC TPE;50.625597, 3.064497;13;7;CONNECTÉ;50.625597, 3.064497;2023-05-10T18:02:09+02:00
154;CHAUFFERIE;FACE AU 125 RUE ROGER SALENGRO;LA MADELEINE;EN SERVICE;AVEC TPE;50.65532, 3.060615;9;7;CONNECTÉ;50.65532, 3.060615;2023-05-10T18:02:09+02:00
169;JEMMAPES;59 RUE JEMMAPES;LILLE;EN SERVICE;AVEC TPE;50.644685, 3.057953;10;2;CONNECTÉ;50.644685, 3.057953;2023-05-10T18:02:09+02:00
159;EURALILLE;66-188 ALL�E DE LI�GE;LILLE;EN SERVICE;AVEC TPE;50.637726, 3.071892;14;26;CONNECTÉ;50.637726, 3.071892;2023-05-10T18:02:09+02:00
170;GANTOIS;104-122 Bld VICTOR HUGO;LILLE;EN SERVICE;AVEC TPE;50.62195, 3.06038;11;1;CONNECTÉ;50.62195, 3.06038;2023-05-10T18:02:09+02:00
179;BOURSE DU TRAVAIL;Boulevard de l'usine;LILLE;EN SERVICE;AVEC TPE;50.626063, 3.090931;11;9;CONNECTÉ;50.626063, 3.090931;2023-05-10T18:02:09+02:00
180;SQUARE JEAN MONNET;19 ALLEE DU Dr HAVET;LAMBERSART;EN SERVICE;AVEC TPE;50.652107, 3.029324;8;7;CONNECTÉ;50.652107, 3.029324;2023-05-10T18:02:09+02:00
185;SAINTE HÉLÈNE;52 Rue sainte-héléne;SAINT ANDRE LEZ LILLE;EN SERVICE;AVEC TPE;50.65722, 3.056147;6;6;CONNECTÉ;50.65722, 3.056147;2023-05-10T18:02:09+02:00
213;LANNOY;93, RUE DE LANNOY;ROUBAIX;EN SERVICE;SANS TPE;50.68859, 3.182028;11;7;CONNECTÉ;50.68859, 3.182028;2023-05-10T18:02:09+02:00
223;PLACE TRICHON;3, PLACE DU TRICHON;ROUBAIX;EN SERVICE;AVEC TPE;50.6903353, 3.1690075;9;3;CONNECTÉ;50.6903353, 3.1690075;2023-05-10T18:02:09+02:00
241;LE CORBUSIER;RUE DES PIATS;TOURCOING;EN SERVICE;AVEC TPE;50.722343, 3.170847;9;9;CONNECTÉ;50.722343, 3.170847;2023-05-10T18:02:09+02:00
244;F ROOSEVELT;2-14 BOULEVARD DE L'ÉGALITÉ;TOURCOING;EN SERVICE;AVEC TPE;50.727453, 3.166828;6;6;CONNECTÉ;50.727453, 3.166828;2023-05-10T18:02:09+02:00
246;CAVELL;FACE AU 49 RUE DE LA CLOCHE;TOURCOING;EN SERVICE;AVEC TPE;50.72271, 3.163794;8;4;CONNECTÉ;50.72271, 3.163794;2023-05-10T18:02:09+02:00
299;TEST CYKLEO LILLE;4 rue du Professeur Langevin;LILLE;EN SERVICE;SANS TPE;50.6151322, 3.0863797;1;0;CONNECTÉ;50.6151322, 3.0863797;2023-05-10T18:02:09+02:00
